title,description,createdAt,status,completedDate,studentId,updatedAt
108185,A and S,2025-07-27 08:05:36.039 +00:00,0,,1,2025-07-27 08:05:36.039 +00:00
115799,A and S,2025-07-27 08:05:36.039 +00:00,0,,1,2025-07-27 08:05:36.039 +00:00
107420,Adept  Freighters,2025-07-27 08:05:36.039 +00:00,0,,2,2025-07-27 08:05:36.039 +00:00
108166,Adept  Freighters,2025-07-27 08:05:36.039 +00:00,0,,2,2025-07-27 08:05:36.039 +00:00
110562,Agro Freight,2025-07-27 08:05:36.039 +00:00,0,,3,2025-07-27 08:05:36.039 +00:00
109983,Akfa,2025-07-27 08:05:36.039 +00:00,0,,4,2025-07-27 08:05:36.039 +00:00
109990,Akfa,2025-07-27 08:05:36.039 +00:00,0,,4,2025-07-27 08:05:36.039 +00:00
111748,Akfa,2025-07-27 08:05:36.039 +00:00,0,,4,2025-07-27 08:05:36.039 +00:00
106071,Alfa/ zee Freighters,2025-07-27 08:05:36.039 +00:00,0,,5,2025-07-27 08:05:36.039 +00:00
108908,Alfa/ zee Freighters,2025-07-27 08:05:36.039 +00:00,0,,5,2025-07-27 08:05:36.039 +00:00
113036,Alfa/ zee Freighters,2025-07-27 08:05:36.039 +00:00,0,,5,2025-07-27 08:05:36.039 +00:00
108068,All Seas,2025-07-27 08:05:36.039 +00:00,0,,6,2025-07-27 08:05:36.039 +00:00
108095,All Seas,2025-07-27 08:05:36.039 +00:00,0,,6,2025-07-27 08:05:36.039 +00:00
108221,All Seas,2025-07-27 08:05:36.039 +00:00,0,,6,2025-07-27 08:05:36.039 +00:00
109134,All Seas,2025-07-27 08:05:36.039 +00:00,0,,6,2025-07-27 08:05:36.039 +00:00
109760,All Seas,2025-07-27 08:05:36.039 +00:00,0,,6,2025-07-27 08:05:36.039 +00:00
109786,All Seas,2025-07-27 08:05:36.039 +00:00,0,,6,2025-07-27 08:05:36.039 +00:00
111536,All Seas,2025-07-27 08:05:36.039 +00:00,0,,6,2025-07-27 08:05:36.039 +00:00
112330,All Seas,2025-07-27 08:05:36.039 +00:00,0,,6,2025-07-27 08:05:36.039 +00:00
115707,All Seas,2025-07-27 08:05:36.039 +00:00,0,,6,2025-07-27 08:05:36.039 +00:00
117213,All Seas,2025-07-27 08:05:36.039 +00:00,0,,6,2025-07-27 08:05:36.039 +00:00
117274,All Seas,2025-07-27 08:05:36.039 +00:00,0,,6,2025-07-27 08:05:36.039 +00:00
117371,All Seas,2025-07-27 08:05:36.039 +00:00,0,,6,2025-07-27 08:05:36.039 +00:00
118256,All Seas,2025-07-27 08:05:36.039 +00:00,0,,6,2025-07-27 08:05:36.039 +00:00
116103,AR Freighters,2025-07-27 08:05:36.039 +00:00,0,,7,2025-07-27 08:05:36.039 +00:00
107993,Ayman Forwarding,2025-07-27 08:05:36.039 +00:00,0,,8,2025-07-27 08:05:36.039 +00:00
112238,Ayman Forwarding,2025-07-27 08:05:36.039 +00:00,0,,8,2025-07-27 08:05:36.039 +00:00
113984,Ayman Forwarding,2025-07-27 08:05:36.039 +00:00,0,,8,2025-07-27 08:05:36.039 +00:00
116503,Ayman Forwarding,2025-07-27 08:05:36.039 +00:00,0,,8,2025-07-27 08:05:36.039 +00:00
106610,Cargo Freighters,2025-07-27 08:05:36.039 +00:00,0,,9,2025-07-27 08:05:36.039 +00:00
106688,Cargo Freighters,2025-07-27 08:05:36.039 +00:00,0,,9,2025-07-27 08:05:36.039 +00:00
108873,Cargo Freighters,2025-07-27 08:05:36.039 +00:00,0,,9,2025-07-27 08:05:36.039 +00:00
111573,Cargo Freighters,2025-07-27 08:05:36.039 +00:00,0,,9,2025-07-27 08:05:36.039 +00:00
115884,Cargo Freighters,2025-07-27 08:05:36.039 +00:00,0,,9,2025-07-27 08:05:36.039 +00:00
116038,Cargo Freighters,2025-07-27 08:05:36.039 +00:00,0,,9,2025-07-27 08:05:36.039 +00:00
108281,Chathura,2025-07-27 08:05:36.039 +00:00,0,,10,2025-07-27 08:05:36.039 +00:00
111297,Chathura,2025-07-27 08:05:36.039 +00:00,0,,10,2025-07-27 08:05:36.039 +00:00
107623,Continental,2025-07-27 08:05:36.039 +00:00,0,,11,2025-07-27 08:05:36.039 +00:00
107635,Continental,2025-07-27 08:05:36.039 +00:00,0,,11,2025-07-27 08:05:36.039 +00:00
110627,Continental,2025-07-27 08:05:36.039 +00:00,0,,11,2025-07-27 08:05:36.039 +00:00
111632,Continental,2025-07-27 08:05:36.039 +00:00,0,,11,2025-07-27 08:05:36.039 +00:00
113363,Continental,2025-07-27 08:05:36.039 +00:00,0,,11,2025-07-27 08:05:36.039 +00:00
113952,Continental,2025-07-27 08:05:36.039 +00:00,0,,11,2025-07-27 08:05:36.039 +00:00
116946,Continental,2025-07-27 08:05:36.039 +00:00,0,,11,2025-07-27 08:05:36.039 +00:00
116183,Craft & Solutions,2025-07-27 08:05:36.039 +00:00,0,,12,2025-07-27 08:05:36.039 +00:00
109984,D & G,2025-07-27 08:05:36.039 +00:00,0,,13,2025-07-27 08:05:36.039 +00:00
113345,Deal link ,2025-07-27 08:05:36.039 +00:00,0,,14,2025-07-27 08:05:36.039 +00:00
107179,Devoni,2025-07-27 08:05:36.039 +00:00,0,,15,2025-07-27 08:05:36.039 +00:00
108850,Devoni,2025-07-27 08:05:36.039 +00:00,0,,15,2025-07-27 08:05:36.039 +00:00
111694,Devoni,2025-07-27 08:05:36.039 +00:00,0,,15,2025-07-27 08:05:36.039 +00:00
115644,Devoni,2025-07-27 08:05:36.039 +00:00,0,,15,2025-07-27 08:05:36.039 +00:00
116317,Devoni,2025-07-27 08:05:36.039 +00:00,0,,15,2025-07-27 08:05:36.039 +00:00
116387,Double A,2025-07-27 08:05:36.039 +00:00,0,,16,2025-07-27 08:05:36.039 +00:00
107479,DS & Sons,2025-07-27 08:05:36.039 +00:00,0,,17,2025-07-27 08:05:36.039 +00:00
111818,DS & Sons,2025-07-27 08:05:36.039 +00:00,0,,17,2025-07-27 08:05:36.039 +00:00
107308,Easy cargo,2025-07-27 08:05:36.039 +00:00,0,,18,2025-07-27 08:05:36.039 +00:00
108193,Easy cargo,2025-07-27 08:05:36.039 +00:00,0,,18,2025-07-27 08:05:36.039 +00:00
109260,Easy cargo,2025-07-27 08:05:36.039 +00:00,0,,18,2025-07-27 08:05:36.039 +00:00
111325,Easy cargo,2025-07-27 08:05:36.039 +00:00,0,,18,2025-07-27 08:05:36.039 +00:00
111752,Easy cargo,2025-07-27 08:05:36.039 +00:00,0,,18,2025-07-27 08:05:36.039 +00:00
112374,Easy cargo,2025-07-27 08:05:36.039 +00:00,0,,18,2025-07-27 08:05:36.039 +00:00
114870,Easy cargo,2025-07-27 08:05:36.039 +00:00,0,,18,2025-07-27 08:05:36.039 +00:00
117406,Easy cargo,2025-07-27 08:05:36.039 +00:00,0,,18,2025-07-27 08:05:36.039 +00:00
117647,Easy cargo,2025-07-27 08:05:36.039 +00:00,0,,18,2025-07-27 08:05:36.039 +00:00
107138,Eminent,2025-07-27 08:05:36.039 +00:00,0,,19,2025-07-27 08:05:36.039 +00:00
107934,Eminent,2025-07-27 08:05:36.039 +00:00,0,,19,2025-07-27 08:05:36.039 +00:00
108980,Eminent,2025-07-27 08:05:36.039 +00:00,0,,19,2025-07-27 08:05:36.039 +00:00
108984,Eminent,2025-07-27 08:05:36.039 +00:00,0,,19,2025-07-27 08:05:36.039 +00:00
108986,Eminent,2025-07-27 08:05:36.039 +00:00,0,,19,2025-07-27 08:05:36.039 +00:00
108991,Eminent,2025-07-27 08:05:36.039 +00:00,0,,19,2025-07-27 08:05:36.039 +00:00
109708,Eminent,2025-07-27 08:05:36.039 +00:00,0,,19,2025-07-27 08:05:36.039 +00:00
109711,Eminent,2025-07-27 08:05:36.039 +00:00,0,,19,2025-07-27 08:05:36.039 +00:00
109712,Eminent,2025-07-27 08:05:36.039 +00:00,0,,19,2025-07-27 08:05:36.039 +00:00
109713,Eminent,2025-07-27 08:05:36.039 +00:00,0,,19,2025-07-27 08:05:36.039 +00:00
109716,Eminent,2025-07-27 08:05:36.039 +00:00,0,,19,2025-07-27 08:05:36.039 +00:00
109720,Eminent,2025-07-27 08:05:36.039 +00:00,0,,19,2025-07-27 08:05:36.039 +00:00
109721,Eminent,2025-07-27 08:05:36.039 +00:00,0,,19,2025-07-27 08:05:36.039 +00:00
109738,Eminent,2025-07-27 08:05:36.039 +00:00,0,,19,2025-07-27 08:05:36.039 +00:00
109801,Eminent,2025-07-27 08:05:36.039 +00:00,0,,19,2025-07-27 08:05:36.039 +00:00
110557,Eminent,2025-07-27 08:05:36.039 +00:00,0,,19,2025-07-27 08:05:36.039 +00:00
110575,Eminent,2025-07-27 08:05:36.039 +00:00,0,,19,2025-07-27 08:05:36.039 +00:00
110577,Eminent,2025-07-27 08:05:36.039 +00:00,0,,19,2025-07-27 08:05:36.039 +00:00
110860,Eminent,2025-07-27 08:05:36.039 +00:00,0,,19,2025-07-27 08:05:36.039 +00:00
110884,Eminent,2025-07-27 08:05:36.039 +00:00,0,,19,2025-07-27 08:05:36.039 +00:00
110885,Eminent,2025-07-27 08:05:36.039 +00:00,0,,19,2025-07-27 08:05:36.039 +00:00
111606,Eminent,2025-07-27 08:05:36.039 +00:00,0,,19,2025-07-27 08:05:36.039 +00:00
111611,Eminent,2025-07-27 08:05:36.039 +00:00,0,,19,2025-07-27 08:05:36.039 +00:00
112433,Eminent,2025-07-27 08:05:36.039 +00:00,0,,19,2025-07-27 08:05:36.039 +00:00
112529,Eminent,2025-07-27 08:05:36.039 +00:00,0,,19,2025-07-27 08:05:36.039 +00:00
113214,Eminent,2025-07-27 08:05:36.039 +00:00,0,,19,2025-07-27 08:05:36.039 +00:00
113823,Eminent,2025-07-27 08:05:36.039 +00:00,0,,19,2025-07-27 08:05:36.039 +00:00
113837,Eminent,2025-07-27 08:05:36.039 +00:00,0,,19,2025-07-27 08:05:36.039 +00:00
113964,Eminent,2025-07-27 08:05:36.039 +00:00,0,,19,2025-07-27 08:05:36.039 +00:00
115554,Eminent,2025-07-27 08:05:36.039 +00:00,0,,19,2025-07-27 08:05:36.039 +00:00
115562,Eminent,2025-07-27 08:05:36.039 +00:00,0,,19,2025-07-27 08:05:36.039 +00:00
115568,Eminent,2025-07-27 08:05:36.039 +00:00,0,,19,2025-07-27 08:05:36.039 +00:00
115643,Eminent,2025-07-27 08:05:36.039 +00:00,0,,19,2025-07-27 08:05:36.039 +00:00
115676,Eminent,2025-07-27 08:05:36.039 +00:00,0,,19,2025-07-27 08:05:36.039 +00:00
116337,Eminent,2025-07-27 08:05:36.039 +00:00,0,,19,2025-07-27 08:05:36.039 +00:00
116345,Eminent,2025-07-27 08:05:36.039 +00:00,0,,19,2025-07-27 08:05:36.039 +00:00
116353,Eminent,2025-07-27 08:05:36.039 +00:00,0,,19,2025-07-27 08:05:36.039 +00:00
117405,Eminent,2025-07-27 08:05:36.039 +00:00,0,,19,2025-07-27 08:05:36.039 +00:00
117415,Eminent,2025-07-27 08:05:36.039 +00:00,0,,19,2025-07-27 08:05:36.039 +00:00
117494,Eminent,2025-07-27 08:05:36.039 +00:00,0,,19,2025-07-27 08:05:36.039 +00:00
117496,Eminent,2025-07-27 08:05:36.039 +00:00,0,,19,2025-07-27 08:05:36.039 +00:00
118198,Eminent,2025-07-27 08:05:36.039 +00:00,0,,19,2025-07-27 08:05:36.039 +00:00
118202,Eminent,2025-07-27 08:05:36.039 +00:00,0,,19,2025-07-27 08:05:36.039 +00:00
118206,Eminent,2025-07-27 08:05:36.039 +00:00,0,,19,2025-07-27 08:05:36.039 +00:00
109916,Everton Clearing,2025-07-27 08:05:36.039 +00:00,0,,20,2025-07-27 08:05:36.039 +00:00
113963,Everton Clearing,2025-07-27 08:05:36.039 +00:00,0,,20,2025-07-27 08:05:36.039 +00:00
115651,Everton Clearing,2025-07-27 08:05:36.039 +00:00,0,,20,2025-07-27 08:05:36.039 +00:00
106196,Exceed,2025-07-27 08:05:36.039 +00:00,0,,21,2025-07-27 08:05:36.039 +00:00
113225,Exceed,2025-07-27 08:05:36.039 +00:00,0,,21,2025-07-27 08:05:36.039 +00:00
113887,Exceed,2025-07-27 08:05:36.039 +00:00,0,,21,2025-07-27 08:05:36.039 +00:00
117267,Exceed,2025-07-27 08:05:36.039 +00:00,0,,21,2025-07-27 08:05:36.039 +00:00
117360,Exceed,2025-07-27 08:05:36.039 +00:00,0,,21,2025-07-27 08:05:36.039 +00:00
115595,Expedia Cargo,2025-07-27 08:05:36.039 +00:00,0,,22,2025-07-27 08:05:36.039 +00:00
113966,Flysea,2025-07-27 08:05:36.039 +00:00,0,,23,2025-07-27 08:05:36.039 +00:00
107804,Freight Cargo,2025-07-27 08:05:36.039 +00:00,0,,24,2025-07-27 08:05:36.039 +00:00
107809,Freight Cargo,2025-07-27 08:05:36.039 +00:00,0,,24,2025-07-27 08:05:36.039 +00:00
108642,Freight Cargo,2025-07-27 08:05:36.039 +00:00,0,,24,2025-07-27 08:05:36.039 +00:00
112846,Freight Cargo,2025-07-27 08:05:36.039 +00:00,0,,24,2025-07-27 08:05:36.039 +00:00
113551,Freight Cargo,2025-07-27 08:05:36.039 +00:00,0,,24,2025-07-27 08:05:36.039 +00:00
116618,Freight Cargo,2025-07-27 08:05:36.039 +00:00,0,,24,2025-07-27 08:05:36.039 +00:00
117915,Freight Cargo,2025-07-27 08:05:36.039 +00:00,0,,24,2025-07-27 08:05:36.039 +00:00
116260,G & G,2025-07-27 08:05:36.039 +00:00,0,,25,2025-07-27 08:05:36.039 +00:00
109628,Gateway fahim,2025-07-27 08:05:36.039 +00:00,0,,26,2025-07-27 08:05:36.039 +00:00
111846,Gateway fahim,2025-07-27 08:05:36.039 +00:00,0,,26,2025-07-27 08:05:36.039 +00:00
117088,Gateway fahim,2025-07-27 08:05:36.039 +00:00,0,,26,2025-07-27 08:05:36.039 +00:00
116632,Global Cargo Logistics,2025-07-27 08:05:36.039 +00:00,0,,27,2025-07-27 08:05:36.039 +00:00
117225,Global Cargo Logistics,2025-07-27 08:05:36.039 +00:00,0,,27,2025-07-27 08:05:36.039 +00:00
117927,Global Cargo Logistics,2025-07-27 08:05:36.039 +00:00,0,,27,2025-07-27 08:05:36.039 +00:00
117927,Global Cargo Logistics,2025-07-27 08:05:36.039 +00:00,0,,27,2025-07-27 08:05:36.039 +00:00
117001,Green Back,2025-07-27 08:05:36.039 +00:00,0,,28,2025-07-27 08:05:36.039 +00:00
106338,Greenline Cus.,2025-07-27 08:05:36.039 +00:00,0,,29,2025-07-27 08:05:36.039 +00:00
108356,Greenline Cus.,2025-07-27 08:05:36.039 +00:00,0,,29,2025-07-27 08:05:36.039 +00:00
108511,Greenline Cus.,2025-07-27 08:05:36.039 +00:00,0,,29,2025-07-27 08:05:36.039 +00:00
109247,Greenline Cus.,2025-07-27 08:05:36.039 +00:00,0,,29,2025-07-27 08:05:36.039 +00:00
110622,Greenline Cus.,2025-07-27 08:05:36.039 +00:00,0,,29,2025-07-27 08:05:36.039 +00:00
112505,Greenline Cus.,2025-07-27 08:05:36.039 +00:00,0,,29,2025-07-27 08:05:36.039 +00:00
115492,Greenline Cus.,2025-07-27 08:05:36.039 +00:00,0,,29,2025-07-27 08:05:36.039 +00:00
117389,Greenline Cus.,2025-07-27 08:05:36.039 +00:00,0,,29,2025-07-27 08:05:36.039 +00:00
117854,Greenline Cus.,2025-07-27 08:05:36.039 +00:00,0,,29,2025-07-27 08:05:36.039 +00:00
115512,Greenway,2025-07-27 08:05:36.039 +00:00,0,,30,2025-07-27 08:05:36.039 +00:00
117313,Greenway,2025-07-27 08:05:36.039 +00:00,0,,30,2025-07-27 08:05:36.039 +00:00
111520,Grow way,2025-07-27 08:05:36.039 +00:00,0,,31,2025-07-27 08:05:36.039 +00:00
115591,Grow way,2025-07-27 08:05:36.039 +00:00,0,,31,2025-07-27 08:05:36.039 +00:00
112692,Immortal,2025-07-27 08:05:36.039 +00:00,0,,32,2025-07-27 08:05:36.039 +00:00
107169,Imran Transporters,2025-07-27 08:05:36.039 +00:00,0,,33,2025-07-27 08:05:36.039 +00:00
107185,Imran Transporters,2025-07-27 08:05:36.039 +00:00,0,,33,2025-07-27 08:05:36.039 +00:00
107212,Imran Transporters,2025-07-27 08:05:36.039 +00:00,0,,33,2025-07-27 08:05:36.039 +00:00
108129,Imran Transporters,2025-07-27 08:05:36.039 +00:00,0,,33,2025-07-27 08:05:36.039 +00:00
108234,Imran Transporters,2025-07-27 08:05:36.039 +00:00,0,,33,2025-07-27 08:05:36.039 +00:00
109056,Imran Transporters,2025-07-27 08:05:36.039 +00:00,0,,33,2025-07-27 08:05:36.039 +00:00
109120,Imran Transporters,2025-07-27 08:05:36.039 +00:00,0,,33,2025-07-27 08:05:36.039 +00:00
109770,Imran Transporters,2025-07-27 08:05:36.039 +00:00,0,,33,2025-07-27 08:05:36.039 +00:00
109808,Imran Transporters,2025-07-27 08:05:36.039 +00:00,0,,33,2025-07-27 08:05:36.039 +00:00
109925,Imran Transporters,2025-07-27 08:05:36.039 +00:00,0,,33,2025-07-27 08:05:36.039 +00:00
111730,Imran Transporters,2025-07-27 08:05:36.039 +00:00,0,,33,2025-07-27 08:05:36.039 +00:00
112486,Imran Transporters,2025-07-27 08:05:36.039 +00:00,0,,33,2025-07-27 08:05:36.039 +00:00
113387,Imran Transporters,2025-07-27 08:05:36.039 +00:00,0,,33,2025-07-27 08:05:36.039 +00:00
113399,Imran Transporters,2025-07-27 08:05:36.039 +00:00,0,,33,2025-07-27 08:05:36.039 +00:00
113832,Imran Transporters,2025-07-27 08:05:36.039 +00:00,0,,33,2025-07-27 08:05:36.039 +00:00
115731,Imran Transporters,2025-07-27 08:05:36.039 +00:00,0,,33,2025-07-27 08:05:36.039 +00:00
117303,Imran Transporters,2025-07-27 08:05:36.039 +00:00,0,,33,2025-07-27 08:05:36.039 +00:00
117336,Imran Transporters,2025-07-27 08:05:36.039 +00:00,0,,33,2025-07-27 08:05:36.039 +00:00
118153,Imran Transporters,2025-07-27 08:05:36.039 +00:00,0,,33,2025-07-27 08:05:36.039 +00:00
115739,Kayata,2025-07-27 08:05:36.039 +00:00,0,,34,2025-07-27 08:05:36.039 +00:00
117471,Kayata,2025-07-27 08:05:36.039 +00:00,0,,34,2025-07-27 08:05:36.039 +00:00
106067,LK,2025-07-27 08:05:36.039 +00:00,0,,35,2025-07-27 08:05:36.039 +00:00
106150,LK,2025-07-27 08:05:36.039 +00:00,0,,35,2025-07-27 08:05:36.039 +00:00
106287,LK,2025-07-27 08:05:36.039 +00:00,0,,35,2025-07-27 08:05:36.039 +00:00
106366,LK,2025-07-27 08:05:36.039 +00:00,0,,35,2025-07-27 08:05:36.039 +00:00
108893,LK,2025-07-27 08:05:36.039 +00:00,0,,35,2025-07-27 08:05:36.039 +00:00
108958,LK,2025-07-27 08:05:36.039 +00:00,0,,35,2025-07-27 08:05:36.039 +00:00
109044,LK,2025-07-27 08:05:36.039 +00:00,0,,35,2025-07-27 08:05:36.039 +00:00
109122,LK,2025-07-27 08:05:36.039 +00:00,0,,35,2025-07-27 08:05:36.039 +00:00
112179,LK,2025-07-27 08:05:36.039 +00:00,0,,35,2025-07-27 08:05:36.039 +00:00
112260,LK,2025-07-27 08:05:36.039 +00:00,0,,35,2025-07-27 08:05:36.039 +00:00
112337,LK,2025-07-27 08:05:36.039 +00:00,0,,35,2025-07-27 08:05:36.039 +00:00
112337,LK,2025-07-27 08:05:36.039 +00:00,0,,35,2025-07-27 08:05:36.039 +00:00
113137,LK,2025-07-27 08:05:36.039 +00:00,0,,35,2025-07-27 08:05:36.039 +00:00
113212,LK,2025-07-27 08:05:36.039 +00:00,0,,35,2025-07-27 08:05:36.039 +00:00
114608,LK,2025-07-27 08:05:36.039 +00:00,0,,35,2025-07-27 08:05:36.039 +00:00
114750,LK,2025-07-27 08:05:36.039 +00:00,0,,35,2025-07-27 08:05:36.039 +00:00
116466,LK,2025-07-27 08:05:36.039 +00:00,0,,35,2025-07-27 08:05:36.039 +00:00
116878,LK,2025-07-27 08:05:36.039 +00:00,0,,35,2025-07-27 08:05:36.039 +00:00
116887,LK,2025-07-27 08:05:36.039 +00:00,0,,35,2025-07-27 08:05:36.039 +00:00
116894,LK,2025-07-27 08:05:36.039 +00:00,0,,35,2025-07-27 08:05:36.039 +00:00
109824,Lokesh,2025-07-27 08:05:36.039 +00:00,0,,36,2025-07-27 08:05:36.039 +00:00
111239,Lokesh,2025-07-27 08:05:36.039 +00:00,0,,36,2025-07-27 08:05:36.039 +00:00
116694,Lokesh,2025-07-27 08:05:36.039 +00:00,0,,36,2025-07-27 08:05:36.039 +00:00
107089,Master Freighters,2025-07-27 08:05:36.039 +00:00,0,,37,2025-07-27 08:05:36.039 +00:00
112352,Master Freighters,2025-07-27 08:05:36.039 +00:00,0,,37,2025-07-27 08:05:36.039 +00:00
117164,Master Freighters,2025-07-27 08:05:36.039 +00:00,0,,37,2025-07-27 08:05:36.039 +00:00
108415,Misfila/ Layha Clearing,2025-07-27 08:05:36.039 +00:00,0,,38,2025-07-27 08:05:36.039 +00:00
109234,Misfila/ Layha Clearing,2025-07-27 08:05:36.039 +00:00,0,,38,2025-07-27 08:05:36.039 +00:00
109375,Misfila/ Layha Clearing,2025-07-27 08:05:36.039 +00:00,0,,38,2025-07-27 08:05:36.039 +00:00
113308,Misfila/ Layha Clearing,2025-07-27 08:05:36.039 +00:00,0,,38,2025-07-27 08:05:36.039 +00:00
117304,Misfila/ Layha Clearing,2025-07-27 08:05:36.039 +00:00,0,,38,2025-07-27 08:05:36.039 +00:00
118146,Misfila/ Layha Clearing,2025-07-27 08:05:36.039 +00:00,0,,38,2025-07-27 08:05:36.039 +00:00
105824,MITO,2025-07-27 08:05:36.039 +00:00,0,,39,2025-07-27 08:05:36.039 +00:00
105985,MITO,2025-07-27 08:05:36.039 +00:00,0,,39,2025-07-27 08:05:36.039 +00:00
107268,MITO,2025-07-27 08:05:36.039 +00:00,0,,39,2025-07-27 08:05:36.039 +00:00
108314,MITO,2025-07-27 08:05:36.039 +00:00,0,,39,2025-07-27 08:05:36.039 +00:00
113704,MITO,2025-07-27 08:05:36.039 +00:00,0,,39,2025-07-27 08:05:36.039 +00:00
116945,MITO,2025-07-27 08:05:36.039 +00:00,0,,39,2025-07-27 08:05:36.039 +00:00
117451,MITO,2025-07-27 08:05:36.039 +00:00,0,,39,2025-07-27 08:05:36.039 +00:00
108833,Multiline/ Smart Cargo,2025-07-27 08:05:36.039 +00:00,0,,40,2025-07-27 08:05:36.039 +00:00
114371,Multiline/ Smart Cargo,2025-07-27 08:05:36.039 +00:00,0,,40,2025-07-27 08:05:36.039 +00:00
114371,Multiline/ Smart Cargo,2025-07-27 08:05:36.039 +00:00,0,,40,2025-07-27 08:05:36.039 +00:00
115419,Multiline/ Smart Cargo,2025-07-27 08:05:36.039 +00:00,0,,40,2025-07-27 08:05:36.039 +00:00
115465,Multiline/ Smart Cargo,2025-07-27 08:05:36.039 +00:00,0,,40,2025-07-27 08:05:36.039 +00:00
116434,Multiline/ Smart Cargo,2025-07-27 08:05:36.039 +00:00,0,,40,2025-07-27 08:05:36.039 +00:00
112858,N I enterprises,2025-07-27 08:05:36.039 +00:00,0,,41,2025-07-27 08:05:36.039 +00:00
106428,Naina MOHAMED,2025-07-27 08:05:36.039 +00:00,0,,42,2025-07-27 08:05:36.039 +00:00
110476,Naina MOHAMED,2025-07-27 08:05:36.039 +00:00,0,,42,2025-07-27 08:05:36.039 +00:00
115852,Naina MOHAMED,2025-07-27 08:05:36.039 +00:00,0,,42,2025-07-27 08:05:36.039 +00:00
107837,New pioneer,2025-07-27 08:05:36.039 +00:00,0,,43,2025-07-27 08:05:36.039 +00:00
109974,New pioneer,2025-07-27 08:05:36.039 +00:00,0,,43,2025-07-27 08:05:36.039 +00:00
113154,New pioneer,2025-07-27 08:05:36.039 +00:00,0,,43,2025-07-27 08:05:36.039 +00:00
112894,New pioneer,2025-07-27 08:05:36.039 +00:00,0,,43,2025-07-27 08:05:36.039 +00:00
107477,New Way,2025-07-27 08:05:36.039 +00:00,0,,44,2025-07-27 08:05:36.039 +00:00
116420,New Way,2025-07-27 08:05:36.039 +00:00,0,,44,2025-07-27 08:05:36.039 +00:00
111456,NK Cargo,2025-07-27 08:05:36.039 +00:00,0,,45,2025-07-27 08:05:36.039 +00:00
111501,NK Cargo,2025-07-27 08:05:36.039 +00:00,0,,45,2025-07-27 08:05:36.039 +00:00
112910,NK Cargo,2025-07-27 08:05:36.039 +00:00,0,,45,2025-07-27 08:05:36.039 +00:00
116661,NK Cargo,2025-07-27 08:05:36.039 +00:00,0,,45,2025-07-27 08:05:36.039 +00:00
110735,NK Enterprises,2025-07-27 08:05:36.039 +00:00,0,,46,2025-07-27 08:05:36.039 +00:00
114383,NK Enterprises,2025-07-27 08:05:36.039 +00:00,0,,46,2025-07-27 08:05:36.039 +00:00
118331,NST,2025-07-27 08:05:36.039 +00:00,0,,47,2025-07-27 08:05:36.039 +00:00
107556,Ocean Clearing,2025-07-27 08:05:36.039 +00:00,0,,48,2025-07-27 08:05:36.039 +00:00
110812,Ocean Clearing,2025-07-27 08:05:36.039 +00:00,0,,48,2025-07-27 08:05:36.039 +00:00
110928,Ocean Clearing,2025-07-27 08:05:36.039 +00:00,0,,48,2025-07-27 08:05:36.039 +00:00
114715,Ocean Clearing,2025-07-27 08:05:36.039 +00:00,0,,48,2025-07-27 08:05:36.039 +00:00
114756,Ocean Clearing,2025-07-27 08:05:36.039 +00:00,0,,48,2025-07-27 08:05:36.039 +00:00
114880,Ocean Clearing,2025-07-27 08:05:36.039 +00:00,0,,48,2025-07-27 08:05:36.039 +00:00
117658,Ocean Clearing,2025-07-27 08:05:36.039 +00:00,0,,48,2025-07-27 08:05:36.039 +00:00
111500,Ocean Logistics/horizon logistics/millenium,2025-07-27 08:05:36.039 +00:00,0,,49,2025-07-27 08:05:36.039 +00:00
111631,Ocean Logistics/horizon logistics/millenium,2025-07-27 08:05:36.039 +00:00,0,,49,2025-07-27 08:05:36.039 +00:00
112339,Ocean Logistics/horizon logistics/millenium,2025-07-27 08:05:36.039 +00:00,0,,49,2025-07-27 08:05:36.039 +00:00
115443,Ocean Logistics/horizon logistics/millenium,2025-07-27 08:05:36.039 +00:00,0,,49,2025-07-27 08:05:36.039 +00:00
115612,Ocean Logistics/horizon logistics/millenium,2025-07-27 08:05:36.039 +00:00,0,,49,2025-07-27 08:05:36.039 +00:00
117323,Ocean Logistics/horizon logistics/millenium,2025-07-27 08:05:36.039 +00:00,0,,49,2025-07-27 08:05:36.039 +00:00
117407,Ocean Logistics/horizon logistics/millenium,2025-07-27 08:05:36.039 +00:00,0,,49,2025-07-27 08:05:36.039 +00:00
117695,Ocean Logistics/horizon logistics/millenium,2025-07-27 08:05:36.039 +00:00,0,,49,2025-07-27 08:05:36.039 +00:00
111327,Omega ,2025-07-27 08:05:36.039 +00:00,0,,50,2025-07-27 08:05:36.039 +00:00
106404,Overseas Cargo,2025-07-27 08:05:36.039 +00:00,0,,51,2025-07-27 08:05:36.039 +00:00
107106,Overseas Cargo,2025-07-27 08:05:36.039 +00:00,0,,51,2025-07-27 08:05:36.039 +00:00
107407,Overseas Cargo,2025-07-27 08:05:36.039 +00:00,0,,51,2025-07-27 08:05:36.039 +00:00
110664,Overseas Cargo,2025-07-27 08:05:36.039 +00:00,0,,51,2025-07-27 08:05:36.039 +00:00
111009,Overseas Cargo,2025-07-27 08:05:36.039 +00:00,0,,51,2025-07-27 08:05:36.039 +00:00
115216,Overseas Cargo,2025-07-27 08:05:36.039 +00:00,0,,51,2025-07-27 08:05:36.039 +00:00
117132,Overseas Cargo,2025-07-27 08:05:36.039 +00:00,0,,51,2025-07-27 08:05:36.039 +00:00
117238,Overseas Cargo,2025-07-27 08:05:36.039 +00:00,0,,51,2025-07-27 08:05:36.039 +00:00
117724,Overseas Cargo,2025-07-27 08:05:36.039 +00:00,0,,51,2025-07-27 08:05:36.039 +00:00
106411,OYS,2025-07-27 08:05:36.039 +00:00,0,,52,2025-07-27 08:05:36.039 +00:00
107615,OYS,2025-07-27 08:05:36.039 +00:00,0,,52,2025-07-27 08:05:36.039 +00:00
112142,OYS,2025-07-27 08:05:36.039 +00:00,0,,52,2025-07-27 08:05:36.039 +00:00
114047,OYS,2025-07-27 08:05:36.039 +00:00,0,,52,2025-07-27 08:05:36.039 +00:00
115703,OYS,2025-07-27 08:05:36.039 +00:00,0,,52,2025-07-27 08:05:36.039 +00:00
107048,Paragon,2025-07-27 08:05:36.039 +00:00,0,,53,2025-07-27 08:05:36.039 +00:00
109081,Paragon,2025-07-27 08:05:36.039 +00:00,0,,53,2025-07-27 08:05:36.039 +00:00
112200,Paragon,2025-07-27 08:05:36.039 +00:00,0,,53,2025-07-27 08:05:36.039 +00:00
106517,Potlach,2025-07-27 08:05:36.039 +00:00,0,,54,2025-07-27 08:05:36.039 +00:00
106523,Potlach,2025-07-27 08:05:36.039 +00:00,0,,54,2025-07-27 08:05:36.039 +00:00
107539,Potlach,2025-07-27 08:05:36.039 +00:00,0,,54,2025-07-27 08:05:36.039 +00:00
107664,Potlach,2025-07-27 08:05:36.039 +00:00,0,,54,2025-07-27 08:05:36.039 +00:00
107666,Potlach,2025-07-27 08:05:36.039 +00:00,0,,54,2025-07-27 08:05:36.039 +00:00
110981,Potlach,2025-07-27 08:05:36.039 +00:00,0,,54,2025-07-27 08:05:36.039 +00:00
110983,Potlach,2025-07-27 08:05:36.039 +00:00,0,,54,2025-07-27 08:05:36.039 +00:00
110986,Potlach,2025-07-27 08:05:36.039 +00:00,0,,54,2025-07-27 08:05:36.039 +00:00
110990,Potlach,2025-07-27 08:05:36.039 +00:00,0,,54,2025-07-27 08:05:36.039 +00:00
110991,Potlach,2025-07-27 08:05:36.039 +00:00,0,,54,2025-07-27 08:05:36.039 +00:00
111901,Potlach,2025-07-27 08:05:36.039 +00:00,0,,54,2025-07-27 08:05:36.039 +00:00
111906,Potlach,2025-07-27 08:05:36.039 +00:00,0,,54,2025-07-27 08:05:36.039 +00:00
111913,Potlach,2025-07-27 08:05:36.039 +00:00,0,,54,2025-07-27 08:05:36.039 +00:00
111916,Potlach,2025-07-27 08:05:36.039 +00:00,0,,54,2025-07-27 08:05:36.039 +00:00
111938,Potlach,2025-07-27 08:05:36.039 +00:00,0,,54,2025-07-27 08:05:36.039 +00:00
111982,Potlach,2025-07-27 08:05:36.039 +00:00,0,,54,2025-07-27 08:05:36.039 +00:00
111986,Potlach,2025-07-27 08:05:36.039 +00:00,0,,54,2025-07-27 08:05:36.039 +00:00
111987,Potlach,2025-07-27 08:05:36.039 +00:00,0,,54,2025-07-27 08:05:36.039 +00:00
111990,Potlach,2025-07-27 08:05:36.039 +00:00,0,,54,2025-07-27 08:05:36.039 +00:00
112006,Potlach,2025-07-27 08:05:36.039 +00:00,0,,54,2025-07-27 08:05:36.039 +00:00
112743,Potlach,2025-07-27 08:05:36.039 +00:00,0,,54,2025-07-27 08:05:36.039 +00:00
112747,Potlach,2025-07-27 08:05:36.039 +00:00,0,,54,2025-07-27 08:05:36.039 +00:00
112749,Potlach,2025-07-27 08:05:36.039 +00:00,0,,54,2025-07-27 08:05:36.039 +00:00
112752,Potlach,2025-07-27 08:05:36.039 +00:00,0,,54,2025-07-27 08:05:36.039 +00:00
112755,Potlach,2025-07-27 08:05:36.039 +00:00,0,,54,2025-07-27 08:05:36.039 +00:00
112758,Potlach,2025-07-27 08:05:36.039 +00:00,0,,54,2025-07-27 08:05:36.039 +00:00
112786,Potlach,2025-07-27 08:05:36.039 +00:00,0,,54,2025-07-27 08:05:36.039 +00:00
113402,Potlach,2025-07-27 08:05:36.039 +00:00,0,,54,2025-07-27 08:05:36.039 +00:00
113403,Potlach,2025-07-27 08:05:36.039 +00:00,0,,54,2025-07-27 08:05:36.039 +00:00
113406,Potlach,2025-07-27 08:05:36.039 +00:00,0,,54,2025-07-27 08:05:36.039 +00:00
113407,Potlach,2025-07-27 08:05:36.039 +00:00,0,,54,2025-07-27 08:05:36.039 +00:00
113417,Potlach,2025-07-27 08:05:36.039 +00:00,0,,54,2025-07-27 08:05:36.039 +00:00
113423,Potlach,2025-07-27 08:05:36.039 +00:00,0,,54,2025-07-27 08:05:36.039 +00:00
113461,Potlach,2025-07-27 08:05:36.039 +00:00,0,,54,2025-07-27 08:05:36.039 +00:00
113467,Potlach,2025-07-27 08:05:36.039 +00:00,0,,54,2025-07-27 08:05:36.039 +00:00
114868,Potlach,2025-07-27 08:05:36.039 +00:00,0,,54,2025-07-27 08:05:36.039 +00:00
114872,Potlach,2025-07-27 08:05:36.039 +00:00,0,,54,2025-07-27 08:05:36.039 +00:00
114896,Potlach,2025-07-27 08:05:36.039 +00:00,0,,54,2025-07-27 08:05:36.039 +00:00
114931,Potlach,2025-07-27 08:05:36.039 +00:00,0,,54,2025-07-27 08:05:36.039 +00:00
114956,Potlach,2025-07-27 08:05:36.039 +00:00,0,,54,2025-07-27 08:05:36.039 +00:00
115831,Potlach,2025-07-27 08:05:36.039 +00:00,0,,54,2025-07-27 08:05:36.039 +00:00
115833,Potlach,2025-07-27 08:05:36.039 +00:00,0,,54,2025-07-27 08:05:36.039 +00:00
115836,Potlach,2025-07-27 08:05:36.039 +00:00,0,,54,2025-07-27 08:05:36.039 +00:00
115842,Potlach,2025-07-27 08:05:36.039 +00:00,0,,54,2025-07-27 08:05:36.039 +00:00
115845,Potlach,2025-07-27 08:05:36.039 +00:00,0,,54,2025-07-27 08:05:36.039 +00:00
115851,Potlach,2025-07-27 08:05:36.039 +00:00,0,,54,2025-07-27 08:05:36.039 +00:00
115860,Potlach,2025-07-27 08:05:36.039 +00:00,0,,54,2025-07-27 08:05:36.039 +00:00
115875,Potlach,2025-07-27 08:05:36.039 +00:00,0,,54,2025-07-27 08:05:36.039 +00:00
115891,Potlach,2025-07-27 08:05:36.039 +00:00,0,,54,2025-07-27 08:05:36.039 +00:00
116514,Potlach,2025-07-27 08:05:36.039 +00:00,0,,54,2025-07-27 08:05:36.039 +00:00
116519,Potlach,2025-07-27 08:05:36.039 +00:00,0,,54,2025-07-27 08:05:36.039 +00:00
116529,Potlach,2025-07-27 08:05:36.039 +00:00,0,,54,2025-07-27 08:05:36.039 +00:00
116532,Potlach,2025-07-27 08:05:36.039 +00:00,0,,54,2025-07-27 08:05:36.039 +00:00
116539,Potlach,2025-07-27 08:05:36.039 +00:00,0,,54,2025-07-27 08:05:36.039 +00:00
116554,Potlach,2025-07-27 08:05:36.039 +00:00,0,,54,2025-07-27 08:05:36.039 +00:00
116569,Potlach,2025-07-27 08:05:36.039 +00:00,0,,54,2025-07-27 08:05:36.039 +00:00
106942,Prestige/Oceanic,2025-07-27 08:05:36.039 +00:00,0,,55,2025-07-27 08:05:36.039 +00:00
106992,Prestige/Oceanic,2025-07-27 08:05:36.039 +00:00,0,,55,2025-07-27 08:05:36.039 +00:00
107118,Prestige/Oceanic,2025-07-27 08:05:36.039 +00:00,0,,55,2025-07-27 08:05:36.039 +00:00
107983,Prestige/Oceanic,2025-07-27 08:05:36.039 +00:00,0,,55,2025-07-27 08:05:36.039 +00:00
108274,Prestige/Oceanic,2025-07-27 08:05:36.039 +00:00,0,,55,2025-07-27 08:05:36.039 +00:00
111320,Prestige/Oceanic,2025-07-27 08:05:36.039 +00:00,0,,55,2025-07-27 08:05:36.039 +00:00
111467,Prestige/Oceanic,2025-07-27 08:05:36.039 +00:00,0,,55,2025-07-27 08:05:36.039 +00:00
112302,Prestige/Oceanic,2025-07-27 08:05:36.039 +00:00,0,,55,2025-07-27 08:05:36.039 +00:00
112335,Prestige/Oceanic,2025-07-27 08:05:36.039 +00:00,0,,55,2025-07-27 08:05:36.039 +00:00
112968,Prestige/Oceanic,2025-07-27 08:05:36.039 +00:00,0,,55,2025-07-27 08:05:36.039 +00:00
113038,Prestige/Oceanic,2025-07-27 08:05:36.039 +00:00,0,,55,2025-07-27 08:05:36.039 +00:00
113215,Prestige/Oceanic,2025-07-27 08:05:36.039 +00:00,0,,55,2025-07-27 08:05:36.039 +00:00
115267,Prestige/Oceanic,2025-07-27 08:05:36.039 +00:00,0,,55,2025-07-27 08:05:36.039 +00:00
115354,Prestige/Oceanic,2025-07-27 08:05:36.039 +00:00,0,,55,2025-07-27 08:05:36.039 +00:00
116328,Prestige/Oceanic,2025-07-27 08:05:36.039 +00:00,0,,55,2025-07-27 08:05:36.039 +00:00
117161,Prestige/Oceanic,2025-07-27 08:05:36.039 +00:00,0,,55,2025-07-27 08:05:36.039 +00:00
117364,Prestige/Oceanic,2025-07-27 08:05:36.039 +00:00,0,,55,2025-07-27 08:05:36.039 +00:00
107692,R & S,2025-07-27 08:05:36.039 +00:00,0,,56,2025-07-27 08:05:36.039 +00:00
108638,R & S,2025-07-27 08:05:36.039 +00:00,0,,56,2025-07-27 08:05:36.039 +00:00
109460,R & S,2025-07-27 08:05:36.039 +00:00,0,,56,2025-07-27 08:05:36.039 +00:00
110122,R & S,2025-07-27 08:05:36.039 +00:00,0,,56,2025-07-27 08:05:36.039 +00:00
111080,R & S,2025-07-27 08:05:36.039 +00:00,0,,56,2025-07-27 08:05:36.039 +00:00
111977,R & S,2025-07-27 08:05:36.039 +00:00,0,,56,2025-07-27 08:05:36.039 +00:00
112792,R & S,2025-07-27 08:05:36.039 +00:00,0,,56,2025-07-27 08:05:36.039 +00:00
113515,R & S,2025-07-27 08:05:36.039 +00:00,0,,56,2025-07-27 08:05:36.039 +00:00
114957,R & S,2025-07-27 08:05:36.039 +00:00,0,,56,2025-07-27 08:05:36.039 +00:00
116052,R & S,2025-07-27 08:05:36.039 +00:00,0,,56,2025-07-27 08:05:36.039 +00:00
117775,R & S,2025-07-27 08:05:36.039 +00:00,0,,56,2025-07-27 08:05:36.039 +00:00
108414,Reliable Forwarders,2025-07-27 08:05:36.039 +00:00,0,,57,2025-07-27 08:05:36.039 +00:00
108837,Reliable Forwarders,2025-07-27 08:05:36.039 +00:00,0,,57,2025-07-27 08:05:36.039 +00:00
109301,Reliable Forwarders,2025-07-27 08:05:36.039 +00:00,0,,57,2025-07-27 08:05:36.039 +00:00
111527,Reliable Forwarders,2025-07-27 08:05:36.039 +00:00,0,,57,2025-07-27 08:05:36.039 +00:00
112221,Reliable Forwarders,2025-07-27 08:05:36.039 +00:00,0,,57,2025-07-27 08:05:36.039 +00:00
112267,Reliable Forwarders,2025-07-27 08:05:36.039 +00:00,0,,57,2025-07-27 08:05:36.039 +00:00
112667,Reliable Forwarders,2025-07-27 08:05:36.039 +00:00,0,,57,2025-07-27 08:05:36.039 +00:00
116226,Reliable Forwarders,2025-07-27 08:05:36.039 +00:00,0,,57,2025-07-27 08:05:36.039 +00:00
112135,Richway,2025-07-27 08:05:36.039 +00:00,0,,58,2025-07-27 08:05:36.039 +00:00
115211,Richway,2025-07-27 08:05:36.039 +00:00,0,,58,2025-07-27 08:05:36.039 +00:00
115247,Richway,2025-07-27 08:05:36.039 +00:00,0,,58,2025-07-27 08:05:36.039 +00:00
116214,Richway,2025-07-27 08:05:36.039 +00:00,0,,58,2025-07-27 08:05:36.039 +00:00
116247,Richway,2025-07-27 08:05:36.039 +00:00,0,,58,2025-07-27 08:05:36.039 +00:00
117081,Richway,2025-07-27 08:05:36.039 +00:00,0,,58,2025-07-27 08:05:36.039 +00:00
112389,Risan and sons,2025-07-27 08:05:36.039 +00:00,0,,59,2025-07-27 08:05:36.039 +00:00
113369,Risan and sons,2025-07-27 08:05:36.039 +00:00,0,,59,2025-07-27 08:05:36.039 +00:00
115321,Risan and sons,2025-07-27 08:05:36.039 +00:00,0,,59,2025-07-27 08:05:36.039 +00:00
115700,Risan and sons,2025-07-27 08:05:36.039 +00:00,0,,59,2025-07-27 08:05:36.039 +00:00
107370,Rival ,2025-07-27 08:05:36.039 +00:00,0,,60,2025-07-27 08:05:36.039 +00:00
107432,Rival ,2025-07-27 08:05:36.039 +00:00,0,,60,2025-07-27 08:05:36.039 +00:00
107467,Rival ,2025-07-27 08:05:36.039 +00:00,0,,60,2025-07-27 08:05:36.039 +00:00
107509,Rival ,2025-07-27 08:05:36.039 +00:00,0,,60,2025-07-27 08:05:36.039 +00:00
108246,Rival ,2025-07-27 08:05:36.039 +00:00,0,,60,2025-07-27 08:05:36.039 +00:00
108273,Rival ,2025-07-27 08:05:36.039 +00:00,0,,60,2025-07-27 08:05:36.039 +00:00
108298,Rival ,2025-07-27 08:05:36.039 +00:00,0,,60,2025-07-27 08:05:36.039 +00:00
108368,Rival ,2025-07-27 08:05:36.039 +00:00,0,,60,2025-07-27 08:05:36.039 +00:00
109248,Rival ,2025-07-27 08:05:36.039 +00:00,0,,60,2025-07-27 08:05:36.039 +00:00
111668,Rival ,2025-07-27 08:05:36.039 +00:00,0,,60,2025-07-27 08:05:36.039 +00:00
111713,Rival ,2025-07-27 08:05:36.039 +00:00,0,,60,2025-07-27 08:05:36.039 +00:00
111727,Rival ,2025-07-27 08:05:36.039 +00:00,0,,60,2025-07-27 08:05:36.039 +00:00
111782,Rival ,2025-07-27 08:05:36.039 +00:00,0,,60,2025-07-27 08:05:36.039 +00:00
112636,Rival ,2025-07-27 08:05:36.039 +00:00,0,,60,2025-07-27 08:05:36.039 +00:00
112657,Rival ,2025-07-27 08:05:36.039 +00:00,0,,60,2025-07-27 08:05:36.039 +00:00
112683,Rival ,2025-07-27 08:05:36.039 +00:00,0,,60,2025-07-27 08:05:36.039 +00:00
112717,Rival ,2025-07-27 08:05:36.039 +00:00,0,,60,2025-07-27 08:05:36.039 +00:00
112764,Rival ,2025-07-27 08:05:36.039 +00:00,0,,60,2025-07-27 08:05:36.039 +00:00
115832,Rival ,2025-07-27 08:05:36.039 +00:00,0,,60,2025-07-27 08:05:36.039 +00:00
115878,Rival ,2025-07-27 08:05:36.039 +00:00,0,,60,2025-07-27 08:05:36.039 +00:00
115897,Rival ,2025-07-27 08:05:36.039 +00:00,0,,60,2025-07-27 08:05:36.039 +00:00
117527,Rival ,2025-07-27 08:05:36.039 +00:00,0,,60,2025-07-27 08:05:36.039 +00:00
117744,Rival ,2025-07-27 08:05:36.039 +00:00,0,,60,2025-07-27 08:05:36.039 +00:00
117769,Rival ,2025-07-27 08:05:36.039 +00:00,0,,60,2025-07-27 08:05:36.039 +00:00
117788,Rival ,2025-07-27 08:05:36.039 +00:00,0,,60,2025-07-27 08:05:36.039 +00:00
106986,RMO,2025-07-27 08:05:36.039 +00:00,0,,61,2025-07-27 08:05:36.039 +00:00
112188,RMO,2025-07-27 08:05:36.039 +00:00,0,,61,2025-07-27 08:05:36.039 +00:00
108049,Rocky Clearing,2025-07-27 08:05:36.039 +00:00,0,,62,2025-07-27 08:05:36.039 +00:00
108973,Rocky Clearing,2025-07-27 08:05:36.039 +00:00,0,,62,2025-07-27 08:05:36.039 +00:00
111489,Rocky Clearing,2025-07-27 08:05:36.039 +00:00,0,,62,2025-07-27 08:05:36.039 +00:00
111679,Rocky Clearing,2025-07-27 08:05:36.039 +00:00,0,,62,2025-07-27 08:05:36.039 +00:00
112259,Rocky Clearing,2025-07-27 08:05:36.039 +00:00,0,,62,2025-07-27 08:05:36.039 +00:00
112455,Rocky Clearing,2025-07-27 08:05:36.039 +00:00,0,,62,2025-07-27 08:05:36.039 +00:00
113143,Rocky Clearing,2025-07-27 08:05:36.039 +00:00,0,,62,2025-07-27 08:05:36.039 +00:00
115274,Rocky Clearing,2025-07-27 08:05:36.039 +00:00,0,,62,2025-07-27 08:05:36.039 +00:00
115645,Rocky Clearing,2025-07-27 08:05:36.039 +00:00,0,,62,2025-07-27 08:05:36.039 +00:00
117347,Rocky Clearing,2025-07-27 08:05:36.039 +00:00,0,,62,2025-07-27 08:05:36.039 +00:00
105068,Roneshi,2025-07-27 08:05:36.039 +00:00,0,,63,2025-07-27 08:05:36.039 +00:00
105820,Roneshi,2025-07-27 08:05:36.039 +00:00,0,,63,2025-07-27 08:05:36.039 +00:00
109016,Roneshi,2025-07-27 08:05:36.039 +00:00,0,,63,2025-07-27 08:05:36.039 +00:00
109558,Roneshi,2025-07-27 08:05:36.039 +00:00,0,,63,2025-07-27 08:05:36.039 +00:00
112632,Roneshi,2025-07-27 08:05:36.039 +00:00,0,,63,2025-07-27 08:05:36.039 +00:00
115235,Royal Lanka,2025-07-27 08:05:36.039 +00:00,0,,64,2025-07-27 08:05:36.039 +00:00
100612,RP Logistics,2025-07-27 08:05:36.039 +00:00,0,,65,2025-07-27 08:05:36.039 +00:00
108360,RP Logistics,2025-07-27 08:05:36.039 +00:00,0,,65,2025-07-27 08:05:36.039 +00:00
108360,RP Logistics,2025-07-27 08:05:36.039 +00:00,0,,65,2025-07-27 08:05:36.039 +00:00
109020,RP Logistics,2025-07-27 08:05:36.039 +00:00,0,,65,2025-07-27 08:05:36.039 +00:00
111643,RP Logistics,2025-07-27 08:05:36.039 +00:00,0,,65,2025-07-27 08:05:36.039 +00:00
112512,RP Logistics,2025-07-27 08:05:36.039 +00:00,0,,65,2025-07-27 08:05:36.039 +00:00
113986,RP Logistics,2025-07-27 08:05:36.039 +00:00,0,,65,2025-07-27 08:05:36.039 +00:00
113830,RTM,2025-07-27 08:05:36.039 +00:00,0,,66,2025-07-27 08:05:36.039 +00:00
106066,S & A,2025-07-27 08:05:36.039 +00:00,0,,67,2025-07-27 08:05:36.039 +00:00
111918,S & A,2025-07-27 08:05:36.039 +00:00,0,,67,2025-07-27 08:05:36.039 +00:00
112751,S & A,2025-07-27 08:05:36.039 +00:00,0,,67,2025-07-27 08:05:36.039 +00:00
112769,S & A,2025-07-27 08:05:36.039 +00:00,0,,67,2025-07-27 08:05:36.039 +00:00
113505,S & A,2025-07-27 08:05:36.039 +00:00,0,,67,2025-07-27 08:05:36.039 +00:00
117719,S & A,2025-07-27 08:05:36.039 +00:00,0,,67,2025-07-27 08:05:36.039 +00:00
112562,S & T,2025-07-27 08:05:36.039 +00:00,0,,68,2025-07-27 08:05:36.039 +00:00
117097,S & T,2025-07-27 08:05:36.039 +00:00,0,,68,2025-07-27 08:05:36.039 +00:00
117366,S & T,2025-07-27 08:05:36.039 +00:00,0,,68,2025-07-27 08:05:36.039 +00:00
117618,S & T,2025-07-27 08:05:36.039 +00:00,0,,68,2025-07-27 08:05:36.039 +00:00
115361,Sampath Enterprises,2025-07-27 08:05:36.039 +00:00,0,,69,2025-07-27 08:05:36.039 +00:00
118255,Sanuka Enterprises,2025-07-27 08:05:36.039 +00:00,0,,70,2025-07-27 08:05:36.039 +00:00
110008,SAR Cargo,2025-07-27 08:05:36.039 +00:00,0,,71,2025-07-27 08:05:36.039 +00:00
114013,SAR Cargo,2025-07-27 08:05:36.039 +00:00,0,,71,2025-07-27 08:05:36.039 +00:00
106031,Sea Freighters/ Pioneer Fre/ World car,2025-07-27 08:05:36.039 +00:00,0,,72,2025-07-27 08:05:36.039 +00:00
107324,Sea Freighters/ Pioneer Fre/ World car,2025-07-27 08:05:36.039 +00:00,0,,72,2025-07-27 08:05:36.039 +00:00
108226,Sea Freighters/ Pioneer Fre/ World car,2025-07-27 08:05:36.039 +00:00,0,,72,2025-07-27 08:05:36.039 +00:00
108332,Sea Freighters/ Pioneer Fre/ World car,2025-07-27 08:05:36.039 +00:00,0,,72,2025-07-27 08:05:36.039 +00:00
111479,Sea Freighters/ Pioneer Fre/ World car,2025-07-27 08:05:36.039 +00:00,0,,72,2025-07-27 08:05:36.039 +00:00
112163,Sea Freighters/ Pioneer Fre/ World car,2025-07-27 08:05:36.039 +00:00,0,,72,2025-07-27 08:05:36.039 +00:00
113940,Sea Freighters/ Pioneer Fre/ World car,2025-07-27 08:05:36.039 +00:00,0,,72,2025-07-27 08:05:36.039 +00:00
115589,Sea Freighters/ Pioneer Fre/ World car,2025-07-27 08:05:36.039 +00:00,0,,72,2025-07-27 08:05:36.039 +00:00
116303,Sea Freighters/ Pioneer Fre/ World car,2025-07-27 08:05:36.039 +00:00,0,,72,2025-07-27 08:05:36.039 +00:00
109696,"Sea hawk,nagoya wings",2025-07-27 08:05:36.039 +00:00,0,,73,2025-07-27 08:05:36.039 +00:00
117008,"Sea hawk,nagoya wings",2025-07-27 08:05:36.039 +00:00,0,,73,2025-07-27 08:05:36.039 +00:00
105898,Sea Sky,2025-07-27 08:05:36.039 +00:00,0,,74,2025-07-27 08:05:36.039 +00:00
105938,Sea Sky,2025-07-27 08:05:36.039 +00:00,0,,74,2025-07-27 08:05:36.039 +00:00
110523,Sea Sky,2025-07-27 08:05:36.039 +00:00,0,,74,2025-07-27 08:05:36.039 +00:00
107153,Seagate/ Excellent,2025-07-27 08:05:36.039 +00:00,0,,75,2025-07-27 08:05:36.039 +00:00
107233,Seagate/ Excellent,2025-07-27 08:05:36.039 +00:00,0,,75,2025-07-27 08:05:36.039 +00:00
107532,Seagate/ Excellent,2025-07-27 08:05:36.039 +00:00,0,,75,2025-07-27 08:05:36.039 +00:00
107560,Seagate/ Excellent,2025-07-27 08:05:36.039 +00:00,0,,75,2025-07-27 08:05:36.039 +00:00
107592,Seagate/ Excellent,2025-07-27 08:05:36.039 +00:00,0,,75,2025-07-27 08:05:36.039 +00:00
107620,Seagate/ Excellent,2025-07-27 08:05:36.039 +00:00,0,,75,2025-07-27 08:05:36.039 +00:00
107665,Seagate/ Excellent,2025-07-27 08:05:36.039 +00:00,0,,75,2025-07-27 08:05:36.039 +00:00
107712,Seagate/ Excellent,2025-07-27 08:05:36.039 +00:00,0,,75,2025-07-27 08:05:36.039 +00:00
107716,Seagate/ Excellent,2025-07-27 08:05:36.039 +00:00,0,,75,2025-07-27 08:05:36.039 +00:00
107734,Seagate/ Excellent,2025-07-27 08:05:36.039 +00:00,0,,75,2025-07-27 08:05:36.039 +00:00
107760,Seagate/ Excellent,2025-07-27 08:05:36.039 +00:00,0,,75,2025-07-27 08:05:36.039 +00:00
107777,Seagate/ Excellent,2025-07-27 08:05:36.039 +00:00,0,,75,2025-07-27 08:05:36.039 +00:00
108297,Seagate/ Excellent,2025-07-27 08:05:36.039 +00:00,0,,75,2025-07-27 08:05:36.039 +00:00
108410,Seagate/ Excellent,2025-07-27 08:05:36.039 +00:00,0,,75,2025-07-27 08:05:36.039 +00:00
108440,Seagate/ Excellent,2025-07-27 08:05:36.039 +00:00,0,,75,2025-07-27 08:05:36.039 +00:00
108440,Seagate/ Excellent,2025-07-27 08:05:36.039 +00:00,0,,75,2025-07-27 08:05:36.039 +00:00
108450,Seagate/ Excellent,2025-07-27 08:05:36.039 +00:00,0,,75,2025-07-27 08:05:36.039 +00:00
108493,Seagate/ Excellent,2025-07-27 08:05:36.039 +00:00,0,,75,2025-07-27 08:05:36.039 +00:00
108523,Seagate/ Excellent,2025-07-27 08:05:36.039 +00:00,0,,75,2025-07-27 08:05:36.039 +00:00
108557,Seagate/ Excellent,2025-07-27 08:05:36.039 +00:00,0,,75,2025-07-27 08:05:36.039 +00:00
108581,Seagate/ Excellent,2025-07-27 08:05:36.039 +00:00,0,,75,2025-07-27 08:05:36.039 +00:00
108598,Seagate/ Excellent,2025-07-27 08:05:36.039 +00:00,0,,75,2025-07-27 08:05:36.039 +00:00
108608,Seagate/ Excellent,2025-07-27 08:05:36.039 +00:00,0,,75,2025-07-27 08:05:36.039 +00:00
109172,Seagate/ Excellent,2025-07-27 08:05:36.039 +00:00,0,,75,2025-07-27 08:05:36.039 +00:00
109194,Seagate/ Excellent,2025-07-27 08:05:36.039 +00:00,0,,75,2025-07-27 08:05:36.039 +00:00
109223,Seagate/ Excellent,2025-07-27 08:05:36.039 +00:00,0,,75,2025-07-27 08:05:36.039 +00:00
109224,Seagate/ Excellent,2025-07-27 08:05:36.039 +00:00,0,,75,2025-07-27 08:05:36.039 +00:00
109251,Seagate/ Excellent,2025-07-27 08:05:36.039 +00:00,0,,75,2025-07-27 08:05:36.039 +00:00
109255,Seagate/ Excellent,2025-07-27 08:05:36.039 +00:00,0,,75,2025-07-27 08:05:36.039 +00:00
109420,Seagate/ Excellent,2025-07-27 08:05:36.039 +00:00,0,,75,2025-07-27 08:05:36.039 +00:00
109741,Seagate/ Excellent,2025-07-27 08:05:36.039 +00:00,0,,75,2025-07-27 08:05:36.039 +00:00
109851,Seagate/ Excellent,2025-07-27 08:05:36.039 +00:00,0,,75,2025-07-27 08:05:36.039 +00:00
109878,Seagate/ Excellent,2025-07-27 08:05:36.039 +00:00,0,,75,2025-07-27 08:05:36.039 +00:00
109902,Seagate/ Excellent,2025-07-27 08:05:36.039 +00:00,0,,75,2025-07-27 08:05:36.039 +00:00
109965,Seagate/ Excellent,2025-07-27 08:05:36.039 +00:00,0,,75,2025-07-27 08:05:36.039 +00:00
110029,Seagate/ Excellent,2025-07-27 08:05:36.039 +00:00,0,,75,2025-07-27 08:05:36.039 +00:00
111515,Seagate/ Excellent,2025-07-27 08:05:36.039 +00:00,0,,75,2025-07-27 08:05:36.039 +00:00
111543,Seagate/ Excellent,2025-07-27 08:05:36.039 +00:00,0,,75,2025-07-27 08:05:36.039 +00:00
111564,Seagate/ Excellent,2025-07-27 08:05:36.039 +00:00,0,,75,2025-07-27 08:05:36.039 +00:00
111614,Seagate/ Excellent,2025-07-27 08:05:36.039 +00:00,0,,75,2025-07-27 08:05:36.039 +00:00
111686,Seagate/ Excellent,2025-07-27 08:05:36.039 +00:00,0,,75,2025-07-27 08:05:36.039 +00:00
112280,Seagate/ Excellent,2025-07-27 08:05:36.039 +00:00,0,,75,2025-07-27 08:05:36.039 +00:00
112454,Seagate/ Excellent,2025-07-27 08:05:36.039 +00:00,0,,75,2025-07-27 08:05:36.039 +00:00
112459,Seagate/ Excellent,2025-07-27 08:05:36.039 +00:00,0,,75,2025-07-27 08:05:36.039 +00:00
112516,Seagate/ Excellent,2025-07-27 08:05:36.039 +00:00,0,,75,2025-07-27 08:05:36.039 +00:00
112570,Seagate/ Excellent,2025-07-27 08:05:36.039 +00:00,0,,75,2025-07-27 08:05:36.039 +00:00
112586,Seagate/ Excellent,2025-07-27 08:05:36.039 +00:00,0,,75,2025-07-27 08:05:36.039 +00:00
112594,Seagate/ Excellent,2025-07-27 08:05:36.039 +00:00,0,,75,2025-07-27 08:05:36.039 +00:00
112622,Seagate/ Excellent,2025-07-27 08:05:36.039 +00:00,0,,75,2025-07-27 08:05:36.039 +00:00
112625,Seagate/ Excellent,2025-07-27 08:05:36.039 +00:00,0,,75,2025-07-27 08:05:36.039 +00:00
112637,Seagate/ Excellent,2025-07-27 08:05:36.039 +00:00,0,,75,2025-07-27 08:05:36.039 +00:00
112682,Seagate/ Excellent,2025-07-27 08:05:36.039 +00:00,0,,75,2025-07-27 08:05:36.039 +00:00
112694,Seagate/ Excellent,2025-07-27 08:05:36.039 +00:00,0,,75,2025-07-27 08:05:36.039 +00:00
112733,Seagate/ Excellent,2025-07-27 08:05:36.039 +00:00,0,,75,2025-07-27 08:05:36.039 +00:00
112752,Seagate/ Excellent,2025-07-27 08:05:36.039 +00:00,0,,75,2025-07-27 08:05:36.039 +00:00
112800,Seagate/ Excellent,2025-07-27 08:05:36.039 +00:00,0,,75,2025-07-27 08:05:36.039 +00:00
113232,Seagate/ Excellent,2025-07-27 08:05:36.039 +00:00,0,,75,2025-07-27 08:05:36.039 +00:00
113286,Seagate/ Excellent,2025-07-27 08:05:36.039 +00:00,0,,75,2025-07-27 08:05:36.039 +00:00
113298,Seagate/ Excellent,2025-07-27 08:05:36.039 +00:00,0,,75,2025-07-27 08:05:36.039 +00:00
113327,Seagate/ Excellent,2025-07-27 08:05:36.039 +00:00,0,,75,2025-07-27 08:05:36.039 +00:00
113353,Seagate/ Excellent,2025-07-27 08:05:36.039 +00:00,0,,75,2025-07-27 08:05:36.039 +00:00
113517,Seagate/ Excellent,2025-07-27 08:05:36.039 +00:00,0,,75,2025-07-27 08:05:36.039 +00:00
114760,Seagate/ Excellent,2025-07-27 08:05:36.039 +00:00,0,,75,2025-07-27 08:05:36.039 +00:00
114944,Seagate/ Excellent,2025-07-27 08:05:36.039 +00:00,0,,75,2025-07-27 08:05:36.039 +00:00
115333,Seagate/ Excellent,2025-07-27 08:05:36.039 +00:00,0,,75,2025-07-27 08:05:36.039 +00:00
115464,Seagate/ Excellent,2025-07-27 08:05:36.039 +00:00,0,,75,2025-07-27 08:05:36.039 +00:00
115536,Seagate/ Excellent,2025-07-27 08:05:36.039 +00:00,0,,75,2025-07-27 08:05:36.039 +00:00
115592,Seagate/ Excellent,2025-07-27 08:05:36.039 +00:00,0,,75,2025-07-27 08:05:36.039 +00:00
115641,Seagate/ Excellent,2025-07-27 08:05:36.039 +00:00,0,,75,2025-07-27 08:05:36.039 +00:00
115669,Seagate/ Excellent,2025-07-27 08:05:36.039 +00:00,0,,75,2025-07-27 08:05:36.039 +00:00
115767,Seagate/ Excellent,2025-07-27 08:05:36.039 +00:00,0,,75,2025-07-27 08:05:36.039 +00:00
115840,Seagate/ Excellent,2025-07-27 08:05:36.039 +00:00,0,,75,2025-07-27 08:05:36.039 +00:00
115870,Seagate/ Excellent,2025-07-27 08:05:36.039 +00:00,0,,75,2025-07-27 08:05:36.039 +00:00
115953,Seagate/ Excellent,2025-07-27 08:05:36.039 +00:00,0,,75,2025-07-27 08:05:36.039 +00:00
115995,Seagate/ Excellent,2025-07-27 08:05:36.039 +00:00,0,,75,2025-07-27 08:05:36.039 +00:00
116029,Seagate/ Excellent,2025-07-27 08:05:36.039 +00:00,0,,75,2025-07-27 08:05:36.039 +00:00
116039,Seagate/ Excellent,2025-07-27 08:05:36.039 +00:00,0,,75,2025-07-27 08:05:36.039 +00:00
116461,Seagate/ Excellent,2025-07-27 08:05:36.039 +00:00,0,,75,2025-07-27 08:05:36.039 +00:00
116584,Seagate/ Excellent,2025-07-27 08:05:36.039 +00:00,0,,75,2025-07-27 08:05:36.039 +00:00
116674,Seagate/ Excellent,2025-07-27 08:05:36.039 +00:00,0,,75,2025-07-27 08:05:36.039 +00:00
116684,Seagate/ Excellent,2025-07-27 08:05:36.039 +00:00,0,,75,2025-07-27 08:05:36.039 +00:00
116713,Seagate/ Excellent,2025-07-27 08:05:36.039 +00:00,0,,75,2025-07-27 08:05:36.039 +00:00
116716,Seagate/ Excellent,2025-07-27 08:05:36.039 +00:00,0,,75,2025-07-27 08:05:36.039 +00:00
116741,Seagate/ Excellent,2025-07-27 08:05:36.039 +00:00,0,,75,2025-07-27 08:05:36.039 +00:00
116753,Seagate/ Excellent,2025-07-27 08:05:36.039 +00:00,0,,75,2025-07-27 08:05:36.039 +00:00
116758,Seagate/ Excellent,2025-07-27 08:05:36.039 +00:00,0,,75,2025-07-27 08:05:36.039 +00:00
116770,Seagate/ Excellent,2025-07-27 08:05:36.039 +00:00,0,,75,2025-07-27 08:05:36.039 +00:00
117317,Seagate/ Excellent,2025-07-27 08:05:36.039 +00:00,0,,75,2025-07-27 08:05:36.039 +00:00
117851,Seagate/ Excellent,2025-07-27 08:05:36.039 +00:00,0,,75,2025-07-27 08:05:36.039 +00:00
117886,Seagate/ Excellent,2025-07-27 08:05:36.039 +00:00,0,,75,2025-07-27 08:05:36.039 +00:00
118062,Seagate/ Excellent,2025-07-27 08:05:36.039 +00:00,0,,75,2025-07-27 08:05:36.039 +00:00
118093,Seagate/ Excellent,2025-07-27 08:05:36.039 +00:00,0,,75,2025-07-27 08:05:36.039 +00:00
118120,Seagate/ Excellent,2025-07-27 08:05:36.039 +00:00,0,,75,2025-07-27 08:05:36.039 +00:00
118166,Seagate/ Excellent,2025-07-27 08:05:36.039 +00:00,0,,75,2025-07-27 08:05:36.039 +00:00
118272,Seagate/ Excellent,2025-07-27 08:05:36.039 +00:00,0,,75,2025-07-27 08:05:36.039 +00:00
115775,Seagate/ Excellent,2025-07-27 08:05:36.039 +00:00,0,,75,2025-07-27 08:05:36.039 +00:00
111121,Sheika clearing,2025-07-27 08:05:36.039 +00:00,0,,76,2025-07-27 08:05:36.039 +00:00
114734,Sheika clearing,2025-07-27 08:05:36.039 +00:00,0,,76,2025-07-27 08:05:36.039 +00:00
118091,Sheika clearing,2025-07-27 08:05:36.039 +00:00,0,,76,2025-07-27 08:05:36.039 +00:00
106999,SKYLINE,2025-07-27 08:05:36.039 +00:00,0,,77,2025-07-27 08:05:36.039 +00:00
107080,SKYLINE,2025-07-27 08:05:36.039 +00:00,0,,77,2025-07-27 08:05:36.039 +00:00
107949,SKYLINE,2025-07-27 08:05:36.039 +00:00,0,,77,2025-07-27 08:05:36.039 +00:00
109651,SKYLINE,2025-07-27 08:05:36.039 +00:00,0,,77,2025-07-27 08:05:36.039 +00:00
111397,SKYLINE,2025-07-27 08:05:36.039 +00:00,0,,77,2025-07-27 08:05:36.039 +00:00
112369,SKYLINE,2025-07-27 08:05:36.039 +00:00,0,,77,2025-07-27 08:05:36.039 +00:00
115395,SKYLINE,2025-07-27 08:05:36.039 +00:00,0,,77,2025-07-27 08:05:36.039 +00:00
116306,SKYLINE,2025-07-27 08:05:36.039 +00:00,0,,77,2025-07-27 08:05:36.039 +00:00
117141,SKYLINE,2025-07-27 08:05:36.039 +00:00,0,,77,2025-07-27 08:05:36.039 +00:00
118141,SKYLINE,2025-07-27 08:05:36.039 +00:00,0,,77,2025-07-27 08:05:36.039 +00:00
110178,Solid path clearing,2025-07-27 08:05:36.039 +00:00,0,,78,2025-07-27 08:05:36.039 +00:00
111160,Solid path clearing,2025-07-27 08:05:36.039 +00:00,0,,78,2025-07-27 08:05:36.039 +00:00
112037,Solid path clearing,2025-07-27 08:05:36.039 +00:00,0,,78,2025-07-27 08:05:36.039 +00:00
113571,Solid path clearing,2025-07-27 08:05:36.039 +00:00,0,,78,2025-07-27 08:05:36.039 +00:00
113584,Solid path clearing,2025-07-27 08:05:36.039 +00:00,0,,78,2025-07-27 08:05:36.039 +00:00
115100,Solid path clearing,2025-07-27 08:05:36.039 +00:00,0,,78,2025-07-27 08:05:36.039 +00:00
116086,Solid path clearing,2025-07-27 08:05:36.039 +00:00,0,,78,2025-07-27 08:05:36.039 +00:00
105954,STS,2025-07-27 08:05:36.039 +00:00,0,,79,2025-07-27 08:05:36.039 +00:00
106273,STS,2025-07-27 08:05:36.039 +00:00,0,,79,2025-07-27 08:05:36.039 +00:00
107208,STS,2025-07-27 08:05:36.039 +00:00,0,,79,2025-07-27 08:05:36.039 +00:00
107384,STS,2025-07-27 08:05:36.039 +00:00,0,,79,2025-07-27 08:05:36.039 +00:00
108335,STS,2025-07-27 08:05:36.039 +00:00,0,,79,2025-07-27 08:05:36.039 +00:00
111413,STS,2025-07-27 08:05:36.039 +00:00,0,,79,2025-07-27 08:05:36.039 +00:00
111560,STS,2025-07-27 08:05:36.039 +00:00,0,,79,2025-07-27 08:05:36.039 +00:00
112424,STS,2025-07-27 08:05:36.039 +00:00,0,,79,2025-07-27 08:05:36.039 +00:00
112607,STS,2025-07-27 08:05:36.039 +00:00,0,,79,2025-07-27 08:05:36.039 +00:00
113133,STS,2025-07-27 08:05:36.039 +00:00,0,,79,2025-07-27 08:05:36.039 +00:00
113296,STS,2025-07-27 08:05:36.039 +00:00,0,,79,2025-07-27 08:05:36.039 +00:00
113341,STS,2025-07-27 08:05:36.039 +00:00,0,,79,2025-07-27 08:05:36.039 +00:00
115564,STS,2025-07-27 08:05:36.039 +00:00,0,,79,2025-07-27 08:05:36.039 +00:00
115710,STS,2025-07-27 08:05:36.039 +00:00,0,,79,2025-07-27 08:05:36.039 +00:00
117252,STS,2025-07-27 08:05:36.039 +00:00,0,,79,2025-07-27 08:05:36.039 +00:00
117576,STS,2025-07-27 08:05:36.039 +00:00,0,,79,2025-07-27 08:05:36.039 +00:00
118088,STS,2025-07-27 08:05:36.039 +00:00,0,,79,2025-07-27 08:05:36.039 +00:00
107846,Suresh Clearing,2025-07-27 08:05:36.039 +00:00,0,,80,2025-07-27 08:05:36.039 +00:00
107846,Suresh Clearing,2025-07-27 08:05:36.039 +00:00,0,,80,2025-07-27 08:05:36.039 +00:00
111192,Suresh Clearing,2025-07-27 08:05:36.039 +00:00,0,,80,2025-07-27 08:05:36.039 +00:00
106072,Trust Lanka/ Empire/ HNH,2025-07-27 08:05:36.039 +00:00,0,,81,2025-07-27 08:05:36.039 +00:00
107085,Trust Lanka/ Empire/ HNH,2025-07-27 08:05:36.039 +00:00,0,,81,2025-07-27 08:05:36.039 +00:00
107154,Trust Lanka/ Empire/ HNH,2025-07-27 08:05:36.039 +00:00,0,,81,2025-07-27 08:05:36.039 +00:00
107225,Trust Lanka/ Empire/ HNH,2025-07-27 08:05:36.039 +00:00,0,,81,2025-07-27 08:05:36.039 +00:00
107240,Trust Lanka/ Empire/ HNH,2025-07-27 08:05:36.039 +00:00,0,,81,2025-07-27 08:05:36.039 +00:00
108144,Trust Lanka/ Empire/ HNH,2025-07-27 08:05:36.039 +00:00,0,,81,2025-07-27 08:05:36.039 +00:00
108171,Trust Lanka/ Empire/ HNH,2025-07-27 08:05:36.039 +00:00,0,,81,2025-07-27 08:05:36.039 +00:00
108205,Trust Lanka/ Empire/ HNH,2025-07-27 08:05:36.039 +00:00,0,,81,2025-07-27 08:05:36.039 +00:00
108382,Trust Lanka/ Empire/ HNH,2025-07-27 08:05:36.039 +00:00,0,,81,2025-07-27 08:05:36.039 +00:00
110633,Trust Lanka/ Empire/ HNH,2025-07-27 08:05:36.039 +00:00,0,,81,2025-07-27 08:05:36.039 +00:00
111310,Trust Lanka/ Empire/ HNH,2025-07-27 08:05:36.039 +00:00,0,,81,2025-07-27 08:05:36.039 +00:00
111399,Trust Lanka/ Empire/ HNH,2025-07-27 08:05:36.039 +00:00,0,,81,2025-07-27 08:05:36.039 +00:00
111481,Trust Lanka/ Empire/ HNH,2025-07-27 08:05:36.039 +00:00,0,,81,2025-07-27 08:05:36.039 +00:00
112229,Trust Lanka/ Empire/ HNH,2025-07-27 08:05:36.039 +00:00,0,,81,2025-07-27 08:05:36.039 +00:00
113057,Trust Lanka/ Empire/ HNH,2025-07-27 08:05:36.039 +00:00,0,,81,2025-07-27 08:05:36.039 +00:00
113712,Trust Lanka/ Empire/ HNH,2025-07-27 08:05:36.039 +00:00,0,,81,2025-07-27 08:05:36.039 +00:00
115523,Trust Lanka/ Empire/ HNH,2025-07-27 08:05:36.039 +00:00,0,,81,2025-07-27 08:05:36.039 +00:00
116416,Trust Lanka/ Empire/ HNH,2025-07-27 08:05:36.039 +00:00,0,,81,2025-07-27 08:05:36.039 +00:00
117174,Trust Lanka/ Empire/ HNH,2025-07-27 08:05:36.039 +00:00,0,,81,2025-07-27 08:05:36.039 +00:00
118070,Trust Lanka/ Empire/ HNH,2025-07-27 08:05:36.039 +00:00,0,,81,2025-07-27 08:05:36.039 +00:00
118344,Trust Lanka/ Empire/ HNH,2025-07-27 08:05:36.039 +00:00,0,,81,2025-07-27 08:05:36.039 +00:00
1087264,Trust Lanka/ Empire/ HNH,2025-07-27 08:05:36.039 +00:00,0,,81,2025-07-27 08:05:36.039 +00:00
106908,U & V,2025-07-27 08:05:36.039 +00:00,0,,82,2025-07-27 08:05:36.039 +00:00
108062,U & V,2025-07-27 08:05:36.039 +00:00,0,,82,2025-07-27 08:05:36.039 +00:00
117350,U & V,2025-07-27 08:05:36.039 +00:00,0,,82,2025-07-27 08:05:36.039 +00:00
117848,U & V,2025-07-27 08:05:36.039 +00:00,0,,82,2025-07-27 08:05:36.039 +00:00
117848,U & V,2025-07-27 08:05:36.039 +00:00,0,,82,2025-07-27 08:05:36.039 +00:00
118298,U & V,2025-07-27 08:05:36.039 +00:00,0,,82,2025-07-27 08:05:36.039 +00:00
109016,Vision/Intel,2025-07-27 08:05:36.039 +00:00,0,,83,2025-07-27 08:05:36.039 +00:00
109140,Vision/Intel,2025-07-27 08:05:36.039 +00:00,0,,83,2025-07-27 08:05:36.039 +00:00
109153,Vision/Intel,2025-07-27 08:05:36.039 +00:00,0,,83,2025-07-27 08:05:36.039 +00:00
109175,Vision/Intel,2025-07-27 08:05:36.039 +00:00,0,,83,2025-07-27 08:05:36.039 +00:00
109201,Vision/Intel,2025-07-27 08:05:36.039 +00:00,0,,83,2025-07-27 08:05:36.039 +00:00
109270,Vision/Intel,2025-07-27 08:05:36.039 +00:00,0,,83,2025-07-27 08:05:36.039 +00:00
112509,Vision/Intel,2025-07-27 08:05:36.039 +00:00,0,,83,2025-07-27 08:05:36.039 +00:00
112515,Vision/Intel,2025-07-27 08:05:36.039 +00:00,0,,83,2025-07-27 08:05:36.039 +00:00
112518,Vision/Intel,2025-07-27 08:05:36.039 +00:00,0,,83,2025-07-27 08:05:36.039 +00:00
112527,Vision/Intel,2025-07-27 08:05:36.039 +00:00,0,,83,2025-07-27 08:05:36.039 +00:00
112536,Vision/Intel,2025-07-27 08:05:36.039 +00:00,0,,83,2025-07-27 08:05:36.039 +00:00
112582,Vision/Intel,2025-07-27 08:05:36.039 +00:00,0,,83,2025-07-27 08:05:36.039 +00:00
112591,Vision/Intel,2025-07-27 08:05:36.039 +00:00,0,,83,2025-07-27 08:05:36.039 +00:00
112600,Vision/Intel,2025-07-27 08:05:36.039 +00:00,0,,83,2025-07-27 08:05:36.039 +00:00
112775,Vision/Intel,2025-07-27 08:05:36.039 +00:00,0,,83,2025-07-27 08:05:36.039 +00:00
113039,Vision/Intel,2025-07-27 08:05:36.039 +00:00,0,,83,2025-07-27 08:05:36.039 +00:00
117548,Vision/Intel,2025-07-27 08:05:36.039 +00:00,0,,83,2025-07-27 08:05:36.039 +00:00
117577,Vision/Intel,2025-07-27 08:05:36.039 +00:00,0,,83,2025-07-27 08:05:36.039 +00:00
117598,Vision/Intel,2025-07-27 08:05:36.039 +00:00,0,,83,2025-07-27 08:05:36.039 +00:00
117622,Vision/Intel,2025-07-27 08:05:36.039 +00:00,0,,83,2025-07-27 08:05:36.039 +00:00
117635,Vision/Intel,2025-07-27 08:05:36.039 +00:00,0,,83,2025-07-27 08:05:36.039 +00:00
117678,Vision/Intel,2025-07-27 08:05:36.039 +00:00,0,,83,2025-07-27 08:05:36.039 +00:00
117713,Vision/Intel,2025-07-27 08:05:36.039 +00:00,0,,83,2025-07-27 08:05:36.039 +00:00
117713,Vision/Intel,2025-07-27 08:05:36.039 +00:00,0,,83,2025-07-27 08:05:36.039 +00:00
117729,Vision/Intel,2025-07-27 08:05:36.039 +00:00,0,,83,2025-07-27 08:05:36.039 +00:00
117743,Vision/Intel,2025-07-27 08:05:36.039 +00:00,0,,83,2025-07-27 08:05:36.039 +00:00
111777,VK clearing,2025-07-27 08:05:36.039 +00:00,0,,84,2025-07-27 08:05:36.039 +00:00
105965,VRS/Zahum lanka,2025-07-27 08:05:36.039 +00:00,0,,85,2025-07-27 08:05:36.039 +00:00
108058,VRS/Zahum lanka,2025-07-27 08:05:36.039 +00:00,0,,85,2025-07-27 08:05:36.039 +00:00
109267,VRS/Zahum lanka,2025-07-27 08:05:36.039 +00:00,0,,85,2025-07-27 08:05:36.039 +00:00
113063,VRS/Zahum lanka,2025-07-27 08:05:36.039 +00:00,0,,85,2025-07-27 08:05:36.039 +00:00
115622,VRS/Zahum lanka,2025-07-27 08:05:36.039 +00:00,0,,85,2025-07-27 08:05:36.039 +00:00
117066,VRS/Zahum lanka,2025-07-27 08:05:36.039 +00:00,0,,85,2025-07-27 08:05:36.039 +00:00
106434,VS Enterprises,2025-07-27 08:05:36.039 +00:00,0,,86,2025-07-27 08:05:36.039 +00:00
107027,VS Enterprises,2025-07-27 08:05:36.039 +00:00,0,,86,2025-07-27 08:05:36.039 +00:00
108405,VS Enterprises,2025-07-27 08:05:36.039 +00:00,0,,86,2025-07-27 08:05:36.039 +00:00
109014,VS Enterprises,2025-07-27 08:05:36.039 +00:00,0,,86,2025-07-27 08:05:36.039 +00:00
109768,VS Enterprises,2025-07-27 08:05:36.039 +00:00,0,,86,2025-07-27 08:05:36.039 +00:00
110897,VS Enterprises,2025-07-27 08:05:36.039 +00:00,0,,86,2025-07-27 08:05:36.039 +00:00
112976,VS Enterprises,2025-07-27 08:05:36.039 +00:00,0,,86,2025-07-27 08:05:36.039 +00:00
114850,VS Enterprises,2025-07-27 08:05:36.039 +00:00,0,,86,2025-07-27 08:05:36.039 +00:00
115830,VS Enterprises,2025-07-27 08:05:36.039 +00:00,0,,86,2025-07-27 08:05:36.039 +00:00
117309,VS Enterprises,2025-07-27 08:05:36.039 +00:00,0,,86,2025-07-27 08:05:36.039 +00:00
117583,VS Enterprises,2025-07-27 08:05:36.039 +00:00,0,,86,2025-07-27 08:05:36.039 +00:00
105790,Western Cargo,2025-07-27 08:05:36.039 +00:00,0,,87,2025-07-27 08:05:36.039 +00:00
106882,Western Cargo,2025-07-27 08:05:36.039 +00:00,0,,87,2025-07-27 08:05:36.039 +00:00
108846,Western Cargo,2025-07-27 08:05:36.039 +00:00,0,,87,2025-07-27 08:05:36.039 +00:00
114278,Western Cargo,2025-07-27 08:05:36.039 +00:00,0,,87,2025-07-27 08:05:36.039 +00:00
113329,Win Lanka,2025-07-27 08:05:36.039 +00:00,0,,88,2025-07-27 08:05:36.039 +00:00
117625,Win Lanka,2025-07-27 08:05:36.039 +00:00,0,,88,2025-07-27 08:05:36.039 +00:00
117708,Win Lanka,2025-07-27 08:05:36.039 +00:00,0,,88,2025-07-27 08:05:36.039 +00:00
112684,Worldwide cargo,2025-07-27 08:05:36.039 +00:00,0,,89,2025-07-27 08:05:36.039 +00:00
115885,Worldwide cargo,2025-07-27 08:05:36.039 +00:00,0,,89,2025-07-27 08:05:36.039 +00:00
117764,Worldwide cargo,2025-07-27 08:05:36.039 +00:00,0,,89,2025-07-27 08:05:36.039 +00:00
108945,Zee Freighters,2025-07-27 08:05:36.039 +00:00,0,,90,2025-07-27 08:05:36.039 +00:00
111520,Zee Freighters,2025-07-27 08:05:36.039 +00:00,0,,90,2025-07-27 08:05:36.039 +00:00
115591,Zee Freighters,2025-07-27 08:05:36.039 +00:00,0,,90,2025-07-27 08:05:36.039 +00:00
116196,Zr Clearing,2025-07-27 08:05:36.039 +00:00,0,,91,2025-07-27 08:05:36.039 +00:00
